{"count":1,"self":422.45217279999997,"total":7352.6935160999992,"children":{"InitializeActuators":{"count":1209,"self":0.012653699999999999,"total":0.012653699999999999,"children":null},"InitializeSensors":{"count":1209,"self":0.0187896,"total":0.0187896,"children":null},"AgentSendState":{"count":878501,"self":273.95612159999996,"total":392.47223099999997,"children":{"CollectObservations":{"count":6623938,"self":8.5295063999999989,"total":8.5295066,"children":null},"WriteActionMask":{"count":6623938,"self":4.5505068,"total":4.5505067,"children":null},"RequestDecision":{"count":6623938,"self":15.956905599999999,"total":105.43610439999999,"children":{"AgentInfo.ToProto":{"count":6623938,"self":13.143267999999999,"total":89.4791985,"children":{"GenerateSensorData":{"count":6623938,"self":49.720912,"total":76.335930699999992,"children":{"RayPerceptionSensor.Perceive":{"count":6623938,"self":26.6150192,"total":26.6150195,"children":null}}}}}}}}},"DecideAction":{"count":878501,"self":6486.3481856,"total":6486.3481625999993,"children":null},"AgentAct":{"count":878501,"self":50.9678592,"total":51.366464199999996,"children":{"AgentInfo.ToProto":{"count":11952,"self":0.0330287,"total":0.22780019999999998,"children":{"GenerateSensorData":{"count":11952,"self":0.1470136,"total":0.1947715,"children":{"RayPerceptionSensor.Perceive":{"count":11952,"self":0.0477579,"total":0.0477579,"children":null}}}}},"InitializeActuators":{"count":11544,"self":0.066982199999999992,"total":0.066982199999999992,"children":null},"InitializeSensors":{"count":11544,"self":0.1038238,"total":0.1038238,"children":null}}},"AgentInfo.ToProto":{"count":765,"self":0.0079764,"total":0.0230474,"children":{"GenerateSensorData":{"count":765,"self":0.0109714,"total":0.015071,"children":{"RayPerceptionSensor.Perceive":{"count":765,"self":0.0040996,"total":0.0040996,"children":null}}}}}},"gauges":{"agentHunted.CumulativeReward":{"count":2742,"max":1.924629,"min":-1.43471479,"runningAverage":0.06344012,"value":0,"weightedAverage":0.00120902248},"agentHunter.CumulativeReward":{"count":2426,"max":2.97355342,"min":-0.6874595,"runningAverage":0.0203914866,"value":0,"weightedAverage":4.63329252E-06}},"metadata":{"timer_format_version":"0.1.0","start_time_seconds":"1742939692","unity_version":"2023.2.12f1","command_line_arguments":"D:\\Program Files\\Unity\\2023.2.12f1\\Editor\\Unity.exe -projectpath D:\\Users\\nacho\\Desktop\\Progra\\unity\\3dIA2 -useHub -hubIPC -cloudEnvironment production -licensingIpc LicenseClient-nacho -hubSessionId dc8de262-837d-4aec-8d8e-1960d350c819 -accessToken 1JbhCcokwh2IKq9WgDGhMoVMF7jV0Ku8vmtLCjK0jVQ004f","communication_protocol_version":"1.5.0","com.unity.ml-agents_version":"2.0.1","scene_name":"MultiAgentv3","end_time_seconds":"1742947044"}}