{"count":1,"self":293.2719616,"total":2228.1346988,"children":{"InitializeActuators":{"count":25,"self":0.00099779999999999986,"total":0.00099779999999999986,"children":null},"InitializeSensors":{"count":25,"self":0.0019882999999999997,"total":0.0019882999999999997,"children":null},"AgentSendState":{"count":758484,"self":27.351059199999998,"total":39.962719899999996,"children":{"CollectObservations":{"count":519193,"self":1.2923045,"total":1.2923045,"children":null},"WriteActionMask":{"count":519193,"self":0.42014779999999996,"total":0.42014779999999996,"children":null},"RequestDecision":{"count":519193,"self":1.6729524,"total":10.899208,"children":{"AgentInfo.ToProto":{"count":519193,"self":1.3534990999999998,"total":9.2262556,"children":{"GenerateSensorData":{"count":519193,"self":5.4720863999999994,"total":7.8727564999999995,"children":{"RayPerceptionSensor.Perceive":{"count":519193,"self":2.4006702,"total":2.4006702,"children":null}}}}}}}}},"DecideAction":{"count":758484,"self":1888.268288,"total":1888.2683035999999,"children":null},"AgentAct":{"count":758484,"self":6.5995827999999994,"total":6.6247416999999995,"children":{"AgentInfo.ToProto":{"count":804,"self":0.0019961,"total":0.014199499999999999,"children":{"GenerateSensorData":{"count":804,"self":0.0102089,"total":0.0122034,"children":{"RayPerceptionSensor.Perceive":{"count":804,"self":0.0019944999999999997,"total":0.0019944999999999997,"children":null}}}}},"InitializeActuators":{"count":816,"self":0.0009961,"total":0.0009961,"children":null},"InitializeSensors":{"count":816,"self":0.0099633,"total":0.0099633,"children":null}}},"AgentInfo.ToProto":{"count":33,"self":0,"total":0.002992,"children":{"GenerateSensorData":{"count":33,"self":0.0019944999999999997,"total":0.002992,"children":{"RayPerceptionSensor.Perceive":{"count":33,"self":0.0009975,"total":0.0009975,"children":null}}}}}},"gauges":{"agentHunted.CumulativeReward":{"count":82,"max":1.48465729,"min":-3.35116,"runningAverage":0.4572514,"value":-0.253501832,"weightedAverage":0.439280152},"agentHunter.CumulativeReward":{"count":140,"max":0.968176,"min":-0.440354615,"runningAverage":0.006058203,"value":0.968176,"weightedAverage":0.2189989}},"metadata":{"timer_format_version":"0.1.0","start_time_seconds":"1781938390","unity_version":"2023.2.12f1","command_line_arguments":"D:\\Program Files\\Unity\\2023.2.12f1\\Editor\\Unity.exe -projectpath D:\\Users\\nacho\\Desktop\\Progra\\unity\\3dIA2 -acceptSoftwareTermsForThisRunOnly -useHub -hubIPC -cloudEnvironment production -licensingIpc LicenseClient-nacho -hubSessionId ce76a725-1ae2-4a15-b446-ddb8b7ddf40f -accessToken Cb6WEsmlJVPgq3YYRS-1-XQHR0mkiV74aRu5W3QzIFY004f","communication_protocol_version":"1.5.0","com.unity.ml-agents_version":"2.0.1","scene_name":"MultiAgentv3","end_time_seconds":"1781940618"}}